0.0,0.0,0.0,0.036347538232803345,-0.06388866901397705,-0.007678661558287558,0.04376780986785889,-0.14245790243148804,-0.011903794079529462,0.0371396541595459,-0.19639825820922852,-0.01914383896391314,0.025884360074996948,-0.236281156539917,-0.026518080912040887,0.005673423409461975,-0.2065359354019165,-0.001617298175091264,0.013649046421051025,-0.279541015625,-0.023562403924273667,0.04352673888206482,-0.29617398977279663,-0.04264462233285826,0.07124418020248413,-0.29792657494544983,-0.05350253597597998,-0.01912166178226471,-0.198194682598114,-0.009227656356500802,-0.011422589421272278,-0.27732497453689575,-0.030978130705165086,0.024968355894088745,-0.28107619285583496,-0.04584422201614302,0.05565968155860901,-0.26654642820358276,-0.05310852319698256,-0.044457659125328064,-0.17893892526626587,-0.019613354064034638,-0.04467839002609253,-0.25363218784332275,-0.03763890133004111,-0.010386914014816284,-0.25866973400115967,-0.04395910591583174,0.01979641616344452,-0.24418562650680542,-0.04538813472490233,-0.07173147797584534,-0.14886504411697388,-0.03166136757235449,-0.08042901754379272,-0.2079179286956787,-0.045576653040455994,-0.05710206925868988,-0.21922743320465088,-0.04838815943102759,-0.03230559825897217,-0.21173542737960815,-0.04810528696279448
0.0,0.0,0.0,0.03514935076236725,-0.061078011989593506,-0.009636706195934153,0.04453115165233612,-0.13951897621154785,-0.013472851820452547,0.0351070910692215,-0.193925142288208,-0.020015674166543818,0.0208805650472641,-0.2323639988899231,-0.02641428307460103,0.0030299872159957886,-0.20037943124771118,6.054299238655858e-05,0.008387520909309387,-0.27269548177719116,-0.02073973462746892,0.04076512157917023,-0.289638876914978,-0.039553326077921724,0.07100643217563629,-0.292883038520813,-0.05071048484013829,-0.019783243536949158,-0.1927817463874817,-0.006634335953904724,-0.011201545596122742,-0.2718121409416199,-0.026990468137128687,0.02720196545124054,-0.2790682315826416,-0.041845433868630266,0.058105722069740295,-0.26947665214538574,-0.049613975443108416,-0.043672800064086914,-0.17505288124084473,-0.016462494142515993,-0.044175997376441956,-0.2514191269874573,-0.03487809047864232,-0.007586151361465454,-0.25604939460754395,-0.041118152894242144,0.021554484963417053,-0.24173903465270996,-0.04242417634294782,-0.07065178453922272,-0.14696532487869263,-0.028105961613519526,-0.07918824255466461,-0.21019744873046875,-0.04323755250142369,-0.05523864924907684,-0.2157653570175171,-0.04498050779865537,-0.03286769986152649,-0.2009943723678589,-0.04365764231251035
0.0,0.0,0.0,0.033217236399650574,-0.05614084005355835,-0.011676360258263685,0.04184611141681671,-0.13452839851379395,-0.017037349158329107,0.034268513321876526,-0.18929356336593628,-0.024473080748123266,0.022034093737602234,-0.22923016548156738,-0.031764457338852026,0.0032077133655548096,-0.19511866569519043,-0.0044910696906868,0.007413148880004883,-0.26874011754989624,-0.02740876782814894,0.0385202020406723,-0.285553514957428,-0.047383500599664785,0.06849481165409088,-0.2836986184120178,-0.05847311984877024,-0.02043108642101288,-0.1869966983795166,-0.009844527916413881,-0.014701932668685913,-0.2677226662635803,-0.03207991864661608,0.021372273564338684,-0.27715206146240234,-0.048295250499052145,0.05180807411670685,-0.26368963718414307,-0.05645762976388369,-0.044860273599624634,-0.16783207654953003,-0.0182601254073802,-0.04572151601314545,-0.24412000179290771,-0.03794381987432871,-0.013028666377067566,-0.25095993280410767,-0.045765994453233816,0.013527408242225647,-0.23526448011398315,-0.04778616722802553,-0.0718453973531723,-0.138161301612854,-0.028371000999015905,-0.0797395259141922,-0.20048445463180542,-0.044466430657905676,-0.058080971240997314,-0.21054327487945557,-0.0477605707583848,-0.03730492293834686,-0.19962984323501587,-0.04734729822854433
0.0,0.0,0.0,0.0320529043674469,-0.060697972774505615,-0.008975857881665661,0.039804428815841675,-0.14003008604049683,-0.012131484238267376,0.03179219365119934,-0.19544881582260132,-0.018094728713691666,0.018347710371017456,-0.23657262325286865,-0.02383253259009166,-0.001965761184692383,-0.19315201044082642,0.0026523775757993917,0.0023040175437927246,-0.2649436593055725,-0.01832488646155639,0.03385579586029053,-0.2804758548736572,-0.03664314096218391,0.06323736906051636,-0.2772495150566101,-0.04617406522280021,-0.024374544620513916,-0.18623274564743042,-0.00293922891265197,-0.016872286796569824,-0.26466214656829834,-0.022121357744396164,0.019170403480529785,-0.2748912572860718,-0.03655549605733199,0.048413753509521484,-0.26319563388824463,-0.043722641667187645,-0.04876253008842468,-0.16870856285095215,-0.011846060877502396,-0.0479997843503952,-0.24239671230316162,-0.030498887425125076,-0.014356091618537903,-0.24452900886535645,-0.037282538613141014,0.01171565055847168,-0.22461986541748047,-0.038080447366297676,-0.07624897360801697,-0.14094024896621704,-0.02217700054293914,-0.08313468098640442,-0.20328128337860107,-0.036963627686560585,-0.05966900289058685,-0.2101508378982544,-0.03876683955436988,-0.038360923528671265,-0.1946069598197937,-0.03701096867567344
0.0,0.0,0.0,0.029808834195137024,-0.06555360555648804,-0.010880190553905322,0.03678096830844879,-0.14239537715911865,-0.01570903384202893,0.024539783596992493,-0.19405007362365723,-0.023312308500351264,0.003108873963356018,-0.22625982761383057,-0.030029077688993766,-0.006734535098075867,-0.18679112195968628,0.0034728356163782337,-0.0018968582153320312,-0.25535619258880615,-0.020732742409052207,0.031649962067604065,-0.2619302272796631,-0.04056567759329255,0.05997447669506073,-0.25255799293518066,-0.049963649968447044,-0.030194804072380066,-0.17853081226348877,-0.0014373460093679569,-0.022838205099105835,-0.25629305839538574,-0.024068676541389777,0.014948412775993347,-0.25675851106643677,-0.0387594519656318,0.04215352237224579,-0.2385227084159851,-0.0445841892164367,-0.05583420395851135,-0.16057467460632324,-0.010315857502462222,-0.052826836705207825,-0.23522037267684937,-0.03235779390746529,-0.016005277633666992,-0.22924315929412842,-0.03762377486640389,0.009377092123031616,-0.20446503162384033,-0.035428103665651633,-0.08427627384662628,-0.13215142488479614,-0.020759581263007476,-0.0871218889951706,-0.19432449340820312,-0.03645376921707566,-0.062202468514442444,-0.2001323699951172,-0.03715952918940957,-0.04211018979549408,-0.18604737520217896,-0.03379946635180886
0.0,0.0,0.0,0.030775144696235657,-0.0675155520439148,-0.011239971192679832,0.03466425836086273,-0.14146769046783447,-0.01685734388431115,0.020005688071250916,-0.19161158800125122,-0.025553048746786544,0.002098262310028076,-0.225117027759552,-0.03304190483888192,-0.004307746887207031,-0.18456321954727173,0.002202329998709729,-0.0033567696809768677,-0.2563403844833374,-0.024733145879707763,0.03052927553653717,-0.25617313385009766,-0.046081691207490394,0.05656115710735321,-0.23855966329574585,-0.055750745507083366,-0.027354493737220764,-0.17518830299377441,-0.0031164138765404914,-0.021031394600868225,-0.25496411323547363,-0.03015958813031716,0.01815330982208252,-0.24483495950698853,-0.0464476525505404,0.043246909976005554,-0.2178310751914978,-0.05201870498260064,-0.052659422159194946,-0.158033549785614,-0.012599815772972534,-0.04919734597206116,-0.2344864010810852,-0.03763026666840119,-0.00985109806060791,-0.22404533624649048,-0.044007967384658286,0.01587456464767456,-0.1950429081916809,-0.041482716025910804,-0.08206133544445038,-0.13084477186203003,-0.02364878837963147,-0.08207400143146515,-0.19354850053787231,-0.04172934514483018,-0.05347006022930145,-0.19570320844650269,-0.043777275057635734,-0.03101302683353424,-0.17812132835388184,-0.0406444586535315
0.0,0.0,0.0,0.030571922659873962,-0.066642165184021,-0.010244356561230461,0.03367890417575836,-0.1388540267944336,-0.01444597365312461,0.019709736108779907,-0.18860524892807007,-0.02208400620125417,0.004399791359901428,-0.22461742162704468,-0.02862210301660184,-0.003335908055305481,-0.18050146102905273,0.004006233904732426,-0.0023574233055114746,-0.2501413822174072,-0.02159296078585271,0.03126867115497589,-0.25037431716918945,-0.041516712959634106,0.05711333453655243,-0.2366783618927002,-0.05058199455939416,-0.02613168954849243,-0.171583890914917,-0.0014921708263102573,-0.021444305777549744,-0.2504127025604248,-0.0285847811957467,0.01841782033443451,-0.237992525100708,-0.04454908436142091,0.04382844269275665,-0.21152442693710327,-0.04959884202085618,-0.05153411626815796,-0.15541887283325195,-0.01099519906543378,-0.047236934304237366,-0.22945064306259155,-0.03738641655050401,-0.007234498858451843,-0.21464884281158447,-0.04385185157858018,0.017553552985191345,-0.18384814262390137,-0.040633837785350124,-0.08141197264194489,-0.12952935695648193,-0.02185575393937711,-0.07993458211421967,-0.19191545248031616,-0.04139336859785203,-0.0498669296503067,-0.1903538703918457,-0.04357063686452989,-0.027320533990859985,-0.16938823461532593,-0.040009657945262234
0.0,0.0,0.0,0.030901789665222168,-0.06564557552337646,-0.00898263664628729,0.031696200370788574,-0.13800370693206787,-0.012411098607735482,0.017201468348503113,-0.18797093629837036,-0.01953682737137541,0.003302067518234253,-0.2228870391845703,-0.025699588150637,-0.004854753613471985,-0.17493575811386108,0.005275590199126157,-0.003670439124107361,-0.24462765455245972,-0.020250002534048406,0.029311448335647583,-0.24517875909805298,-0.04007733674432501,0.05489048361778259,-0.22949260473251343,-0.0488797469594644,-0.026708945631980896,-0.16719293594360352,-0.0005586011981719707,-0.021584823727607727,-0.24653393030166626,-0.02772970931317076,0.017716586589813232,-0.23409831523895264,-0.04389857934500441,0.04265257716178894,-0.20533370971679688,-0.04894897030379042,-0.05155915021896362,-0.1516699194908142,-0.010330905818300096,-0.04570326209068298,-0.22518444061279297,-0.0373324683466123,-0.0054741352796554565,-0.20868927240371704,-0.04451297284747824,0.018714547157287598,-0.17510336637496948,-0.04153434993411764,-0.08113682270050049,-0.126522958278656,-0.021224339173095075,-0.07803688943386078,-0.18793612718582153,-0.04142880873467192,-0.0479128360748291,-0.186687171459198,-0.04437537552501425,-0.02558925747871399,-0.1652650237083435,-0.041308250890033094
0.0,0.0,0.0,0.030665218830108643,-0.06430160999298096,-0.009271366907526613,0.03109295666217804,-0.13731926679611206,-0.012501316530872941,0.016456246376037598,-0.18626201152801514,-0.019386656968165994,0.0038564056158065796,-0.2204403281211853,-0.025297854481507898,-0.006608128547668457,-0.17290765047073364,0.006323306435476184,-0.004226401448249817,-0.24107623100280762,-0.0192391391976372,0.028692007064819336,-0.2431514859199524,-0.03908612617688334,0.054691314697265625,-0.22780627012252808,-0.04781974890666163,-0.02801312506198883,-0.16503995656967163,0.0005358254054925737,-0.02257879078388214,-0.2439587116241455,-0.027627805633713365,0.01706060767173767,-0.23199766874313354,-0.0443982113285557,0.042726874351501465,-0.203571617603302,-0.049313839910794854,-0.05266213417053223,-0.14960843324661255,-0.00929892567383206,-0.04527804255485535,-0.22201049327850342,-0.03778275140957987,-0.0045396387577056885,-0.20633018016815186,-0.04603173622327006,0.019886836409568787,-0.17401546239852905,-0.04312299975590861,-0.08214321732521057,-0.12493717670440674,-0.020127715928722978,-0.0771247148513794,-0.18588876724243164,-0.04107231685357249,-0.04673194885253906,-0.18454229831695557,-0.04438969531493342,-0.02449992299079895,-0.16369307041168213,-0.04131214731769717
0.0,0.0,0.0,0.0301276296377182,-0.06505382061004639,-0.008638201966853387,0.029429182410240173,-0.13797062635421753,-0.011532457299502141,0.013627693057060242,-0.18616914749145508,-0.018296000301809556,-0.00032904744148254395,-0.21981298923492432,-0.02402125926312948,-0.008038312196731567,-0.1732296347618103,0.007985196322231047,-0.005990862846374512,-0.24050676822662354,-0.017763395547838456,0.026753351092338562,-0.24116551876068115,-0.03780234859880949,0.0518559068441391,-0.22393912076950073,-0.0464760910123303,-0.029454514384269714,-0.16479837894439697,0.0018166974317566087,-0.02464132010936737,-0.2427307367324829,-0.026752621620865114,0.015140190720558167,-0.22915148735046387,-0.0436118009835198,0.04021851718425751,-0.19932830333709717,-0.048266271814675576,-0.05402502417564392,-0.1489846110343933,-0.008495961070032365,-0.04734034836292267,-0.22054141759872437,-0.037442686721654184,-0.0061593204736709595,-0.20365887880325317,-0.0456334750503018,0.01814110577106476,-0.17060041427612305,-0.04239003615078474,-0.08350308239459991,-0.12375622987747192,-0.01973504455384756,-0.07758001983165741,-0.18447399139404297,-0.040915026083560235,-0.0462656170129776,-0.18127357959747314,-0.04397689805922056,-0.024005144834518433,-0.15885388851165771,-0.04052698494491125
0.0,0.0,0.0,0.029596999287605286,-0.06660276651382446,-0.006701526102553146,0.02837572991847992,-0.13665467500686646,-0.009158166461567419,0.01360391080379486,-0.18375813961029053,-0.01602760642854406,-0.00019769370555877686,-0.2176864743232727,-0.022043743506948488,-0.008646920323371887,-0.17207413911819458,0.009544904938955767,-0.0070807188749313354,-0.2386290431022644,-0.015911602751295106,0.025178804993629456,-0.23854315280914307,-0.0357123234876795,0.04964108765125275,-0.22070038318634033,-0.04413122624246313,-0.029419884085655212,-0.16350889205932617,0.0024880651748375726,-0.02568909525871277,-0.24126088619232178,-0.025778345168511407,0.014049157500267029,-0.2270565629005432,-0.04250872448174192,0.038901522755622864,-0.19660300016403198,-0.04701241791335775,-0.053756967186927795,-0.1476770043373108,-0.008540562690178888,-0.04717308282852173,-0.21905165910720825,-0.03744723960844709,-0.005777075886726379,-0.2006250023841858,-0.04545284375635816,0.018329694867134094,-0.1663581132888794,-0.04193121507851316,-0.08318020403385162,-0.12207835912704468,-0.02027630932716562,-0.07737691700458527,-0.1824231743812561,-0.04119107440201475,-0.04599197208881378,-0.17899972200393677,-0.04383623913017942,-0.02367454767227173,-0.1563066840171814,-0.040023203344027536
0.0,0.0,0.0,0.029207199811935425,-0.06687396764755249,-0.006158889021094183,0.02823139727115631,-0.13665658235549927,-0.00844712483819876,0.014984726905822754,-0.18429875373840332,-0.015484153508509735,0.003975868225097656,-0.2201075553894043,-0.021698365203405956,-0.010276228189468384,-0.17147517204284668,0.011055149853859803,-0.007763281464576721,-0.2360205054283142,-0.014450013852979282,0.024751931428909302,-0.23487985134124756,-0.03418442442205105,0.05003857612609863,-0.21739768981933594,-0.04254894166376744,-0.030400723218917847,-0.16321784257888794,0.0036188243130936826,-0.025855138897895813,-0.24049675464630127,-0.02518895848777447,0.013921841979026794,-0.22560995817184448,-0.04224610909011517,0.03946942090988159,-0.19474685192108154,-0.04660777955439244,-0.05416812002658844,-0.14779895544052124,-0.007812422915662864,-0.04715411365032196,-0.21741384267807007,-0.03735718711402569,-0.005576521158218384,-0.19812631607055664,-0.04566567971494351,0.01908695697784424,-0.1635798215866089,-0.04188098966267262,-0.08288881182670593,-0.12256652116775513,-0.019875399983789066,-0.07657147943973541,-0.1821228265762329,-0.04097610919859562,-0.044507741928100586,-0.17912828922271729,-0.04361494465854321,-0.0211019366979599,-0.15688949823379517,-0.039502734533812145
0.0,0.0,0.0,0.02853710949420929,-0.06312316656112671,-0.006302271076648935,0.029452398419380188,-0.13198810815811157,-0.00886732949054192,0.01686084270477295,-0.17881208658218384,-0.015772505236029133,0.0025019943714141846,-0.2116481065750122,-0.021625364703297123,-0.00649145245552063,-0.17027896642684937,0.009358329194427029,-0.0037976056337356567,-0.23271536827087402,-0.01552374525105904,0.029157400131225586,-0.2275993824005127,-0.034513008353471264,0.05320332944393158,-0.2080155611038208,-0.04243910735583256,-0.02632966637611389,-0.16272681951522827,0.0025583894074117097,-0.02083483338356018,-0.23824924230575562,-0.02465983903145741,0.017452001571655273,-0.2216922640800476,-0.04031082293128918,0.04114328324794769,-0.1911308765411377,-0.044103760776280865,-0.04968227446079254,-0.14873260259628296,-0.008109979835509762,-0.04131634533405304,-0.2168704867362976,-0.035515580830335125,-0.0016795694828033447,-0.197548508644104,-0.04276521554326962,0.021872907876968384,-0.16445302963256836,-0.03892323797678898,-0.076998770236969,-0.12509143352508545,-0.019501721990465626,-0.06799478828907013,-0.18268561363220215,-0.03910539722180317,-0.03636676073074341,-0.1806735396385193,-0.041674376038074,-0.013248592615127563,-0.1617434024810791,-0.03792778452968548
0.0,0.0,0.0,0.02931344509124756,-0.06581991910934448,-0.00019577160851014241,0.030035823583602905,-0.1342645287513733,-0.001291083542987792,0.023361369967460632,-0.18258881568908691,-0.008620732020013122,0.016523167490959167,-0.221169114112854,-0.014807310442797927,-0.007840871810913086,-0.17867785692214966,0.017808861543066712,-0.0048004090785980225,-0.2339632511138916,-0.006687379929594783,0.03032684326171875,-0.2260880470275879,-0.026760634522311477,0.05648398399353027,-0.20403534173965454,-0.03570904258953789,-0.02446611225605011,-0.171639084815979,0.007289071545578452,-0.013616904616355896,-0.23699074983596802,-0.019513920436970977,0.025643140077590942,-0.21977925300598145,-0.03615654681193092,0.04968005418777466,-0.18781834840774536,-0.04081018690335014,-0.04434359073638916,-0.1594802737236023,-0.007040429416470317,-0.026675164699554443,-0.21738511323928833,-0.034981906901471405,0.013196229934692383,-0.19349074363708496,-0.04285651121603706,0.036091774702072144,-0.15746474266052246,-0.0392471146987603,-0.06699450314044952,-0.13956797122955322,-0.021679023768179206,-0.04604993760585785,-0.18914026021957397,-0.04134793628322342,-0.01346510648727417,-0.18024486303329468,-0.04335841957794884,0.008383050560951233,-0.15624594688415527,-0.038899735103719024
0.0,0.0,0.0,0.02897021174430847,-0.06207549571990967,0.0022660482100462787,0.030155986547470093,-0.1261519193649292,0.0016403108493676655,0.025018155574798584,-0.1739332675933838,-0.005504284996234787,0.017617136240005493,-0.2105843424797058,-0.010972706611894978,-0.00997491180896759,-0.17888444662094116,0.019735955622351753,-0.005387842655181885,-0.2319919466972351,-0.0036804231458091863,0.03205353021621704,-0.221604585647583,-0.023757646802508248,0.05853649973869324,-0.1974371075630188,-0.03305818234726132,-0.02390122413635254,-0.1730324625968933,0.008149938647008526,-0.008001372218132019,-0.2330310344696045,-0.016202461916648758,0.03325018286705017,-0.21466195583343506,-0.03145760764523686,0.05661579966545105,-0.18211877346038818,-0.035951093781434906,-0.04008862376213074,-0.16225707530975342,-0.0071269343715840705,-0.01678064465522766,-0.2180272340774536,-0.032691163021766556,0.023817673325538635,-0.1945517659187317,-0.038986236799203766,0.0459744930267334,-0.15862858295440674,-0.035304580826007737,-0.05756445229053497,-0.1431717872619629,-0.02277204488559903,-0.029622763395309448,-0.1890382170677185,-0.040898629475080384,0.002181306481361389,-0.17546457052230835,-0.04168826435848416,0.02190268039703369,-0.14673590660095215,-0.03675318603559674
0.0,0.0,0.0,0.029143482446670532,-0.06344866752624512,0.005070206220376683,0.02865983545780182,-0.12822675704956055,0.005605681310522748,0.023777365684509277,-0.17481231689453125,-0.0001944282789496654,0.020104989409446716,-0.21167415380477905,-0.004010508325767326,-0.024089649319648743,-0.18910592794418335,0.02202723079838176,0.0029961317777633667,-0.23042064905166626,0.0008082511835949546,0.04193784296512604,-0.21424907445907593,-0.01826357750676255,0.0651659220457077,-0.18725770711898804,-0.027374352351647424,-0.03763677179813385,-0.18495315313339233,0.010273351310867262,0.0032947808504104614,-0.22863692045211792,-0.00959494060359578,0.04510907828807831,-0.2061614990234375,-0.022482206136804628,0.06727908551692963,-0.17261594533920288,-0.02650279088399987,-0.04759584367275238,-0.17331600189208984,-0.0047472273231266016,-0.0010512471199035645,-0.21448266506195068,-0.024868075759035158,0.03773634135723114,-0.18982189893722534,-0.029364337236505555,0.057980015873909,-0.15390348434448242,-0.02600567324541192,-0.053956300020217896,-0.15328848361968994,-0.02031123547337632,-0.00877310335636139,-0.18577426671981812,-0.03351572810195069,0.022029027342796326,-0.17149275541305542,-0.033449723408442544,0.04009006917476654,-0.14459025859832764,-0.028755751461607026
0.0,0.0,0.0,0.030695319175720215,-0.06220424175262451,0.008441017032794207,0.0286492258310318,-0.12329894304275513,0.00827432333045408,0.02529159188270569,-0.16867870092391968,0.0023411941018025573,0.026808738708496094,-0.20736593008041382,-0.0016738861797307436,-0.039182886481285095,-0.18707215785980225,0.015115770534805506,0.011492758989334106,-0.22744220495224,-0.004872400290139467,0.050711750984191895,-0.20340675115585327,-0.021219996711977274,0.0689745843410492,-0.16884291172027588,-0.028435818827517778,-0.04890802502632141,-0.1837417483329773,0.0028924267042498286,0.014598369598388672,-0.22546565532684326,-0.012939245416589529,0.05513274669647217,-0.19518131017684937,-0.020316001004346163,0.07214218378067017,-0.15572547912597656,-0.021622851467498094,-0.04976502060890198,-0.17135512828826904,-0.011340243718393594,0.013852253556251526,-0.21262264251708984,-0.02806851451731518,0.0501464307308197,-0.18032914400100708,-0.027851797616847307,0.06482702493667603,-0.13856762647628784,-0.022408043942220957,-0.04406680166721344,-0.15163826942443848,-0.025626417225964815,0.00804881751537323,-0.183876633644104,-0.03687764701879814,0.0381336510181427,-0.1640399694442749,-0.03393001852072075,0.05251660943031311,-0.13255590200424194,-0.027408042899139673
0.0,0.0,0.0,0.015290632843971252,-0.06485891342163086,0.008735308831290922,0.018850460648536682,-0.12132316827774048,0.0058132740088865376,0.029407545924186707,-0.16230261325836182,-0.002278368512435236,0.044620007276535034,-0.18771356344223022,-0.008772092463715353,-0.020924285054206848,-0.19127142429351807,0.009314786119119844,0.052103668451309204,-0.21640843152999878,-0.007609443331404009,0.07598873972892761,-0.17707645893096924,-0.01938842755023984,0.07555115222930908,-0.13706707954406738,-0.024357689136905947,-0.016676530241966248,-0.1902598738670349,-0.002352328330545106,0.06244024634361267,-0.21286791563034058,-0.014101555163307467,0.0822870135307312,-0.16693323850631714,-0.015136668050928392,0.07954257726669312,-0.12397611141204834,-0.013360001670463362,-0.006102010607719421,-0.17997854948043823,-0.015367197396500387,0.06926709413528442,-0.19605261087417603,-0.02631402533714322,0.08237522840499878,-0.1489977240562439,-0.021114643255515375,0.07706251740455627,-0.10706615447998047,-0.014224933052702227,0.008507713675498962,-0.1613548994064331,-0.028551198134465494,0.06641894578933716,-0.1680014729499817,-0.03346120152835397,0.0807327926158905,-0.1344166398048401,-0.02767024334733037,0.07929834723472595,-0.10320174694061279,-0.02071782719556836
0.0,0.0,0.0,-0.005053505301475525,-0.07067930698394775,0.008582366270886155,0.00343911349773407,-0.12565553188323975,0.0031859889756304938,0.029857978224754333,-0.1538090705871582,-0.007351401621534137,0.05588793754577637,-0.15786367654800415,-0.01654447371704748,-0.01087045669555664,-0.18494141101837158,0.008057216754124852,0.0636659562587738,-0.19590187072753906,-0.008074982451333312,0.0751904845237732,-0.1539267897605896,-0.0201548257712858,0.0648258626461029,-0.12025773525238037,-0.026791886786057262,-0.002115190029144287,-0.18385440111160278,-0.004512922266556529,0.0765819251537323,-0.19072473049163818,-0.015987293222977428,0.08412003517150879,-0.14421290159225464,-0.018499170789553432,0.07159009575843811,-0.10847234725952148,-0.01839437651081255,0.012297362089157104,-0.17353743314743042,-0.01803426387353113,0.08672842383384705,-0.17357289791107178,-0.026264899769856243,0.08994880318641663,-0.12405931949615479,-0.02075803222699335,0.07629197835922241,-0.08984684944152832,-0.014933025823964385,0.031048178672790527,-0.15441834926605225,-0.03204646276874712,0.08710035681724548,-0.1446250081062317,-0.03290005716128519,0.08943876624107361,-0.10597091913223267,-0.025736219609214572,0.07872503995895386,-0.07980728149414062,-0.019193898314668445
0.0,0.0,0.0,-0.005855768918991089,-0.06424736976623535,0.0028625560167370168,0.008908241987228394,-0.1167638897895813,-0.0022842764214487943,0.03585909307003021,-0.12814992666244507,-0.00996732304923853,0.058561861515045166,-0.11386364698410034,-0.01702648646318039,0.019776612520217896,-0.16962110996246338,0.0017880552855444876,0.06236499547958374,-0.152937114238739,-0.009547932661405412,0.058870017528533936,-0.12636548280715942,-0.021911945781937447,0.043928518891334534,-0.11556768417358398,-0.031728534615865556,0.04153206944465637,-0.15788739919662476,-0.00821229781143984,0.0773797333240509,-0.14010554552078247,-0.01606062672220787,0.06898820400238037,-0.1158527135848999,-0.023892040021053162,0.05290982127189636,-0.1041574478149414,-0.029815501190057603,0.06350895762443542,-0.1347038745880127,-0.018257665104499665,0.09224197268486023,-0.11672580242156982,-0.023983657948008386,0.08236342668533325,-0.09112519025802612,-0.02434069908343872,0.06679454445838928,-0.08122187852859497,-0.024874607689014283,0.08451640605926514,-0.10363936424255371,-0.028880566946497765,0.10526251792907715,-0.08142995834350586,-0.030999215907684174,0.09519928693771362,-0.05747532844543457,-0.027335772878757325,0.08219045400619507,-0.04804164171218872,-0.024189778260222283
0.0,0.0,0.0,-0.009435102343559265,-0.05759936571121216,0.003001263875262339,0.005739614367485046,-0.10430729389190674,-0.001886618628418546,0.032001793384552,-0.11173230409622192,-0.00886285999069969,0.05298978090286255,-0.09720075130462646,-0.015661783937616747,0.03169828653335571,-0.1590561866760254,-0.000456198976394262,0.052414268255233765,-0.13486039638519287,-0.012902091678483885,0.045539259910583496,-0.10895192623138428,-0.026491048235698145,0.03383687138557434,-0.09680050611495972,-0.03666940559844534,0.056851714849472046,-0.14147496223449707,-0.010707451451821726,0.07241898775100708,-0.1206287145614624,-0.018798780117435854,0.06256669759750366,-0.09971606731414795,-0.026879202995701235,0.05014112591743469,-0.08630025386810303,-0.03277551983694593,0.07834875583648682,-0.11190807819366455,-0.020931672726078432,0.08945900201797485,-0.09257864952087402,-0.0283957239727215,0.07633396983146667,-0.0714418888092041,-0.029748481188221376,0.06300154328346252,-0.06241905689239502,-0.03055248824159662,0.09616950154304504,-0.07485848665237427,-0.03143338342408697,0.10209012031555176,-0.05075496435165405,-0.03654583026866476,0.08768901228904724,-0.03215402364730835,-0.03403999512295286,0.07474526762962341,-0.025196492671966553,-0.03095786315600435
0.0,0.0,0.0,0.0007601082324981689,-0.05436736345291138,0.00025931571363457806,0.02160516381263733,-0.09724688529968262,-0.004440448040980982,0.043578386306762695,-0.1019282341003418,-0.010463174226600813,0.05551820993423462,-0.0853050947189331,-0.015965951400715994,0.047639429569244385,-0.14441025257110596,-0.001538334557693588,0.06331968307495117,-0.11227917671203613,-0.015045589561481165,0.05366790294647217,-0.0888444185256958,-0.029660017955023932,0.03975275158882141,-0.08383834362030029,-0.04029038527878015,0.06700029969215393,-0.12199735641479492,-0.010195700245816397,0.07917574048042297,-0.09275394678115845,-0.020895294639188933,0.06695166230201721,-0.0746603012084961,-0.030719090047199415,0.05267918109893799,-0.0681689977645874,-0.03713309371741502,0.08323022723197937,-0.08731579780578613,-0.019045144113619017,0.09302079677581787,-0.06159251928329468,-0.029044773223716902,0.07733184099197388,-0.04592329263687134,-0.031236344742495703,0.06291157007217407,-0.04458653926849365,-0.031736489179451155,0.09666508436203003,-0.04604470729827881,-0.028297794776875662,0.10356521606445312,-0.019145429134368896,-0.03378704169662683,0.08656999468803406,-0.00712895393371582,-0.031243121045548605,0.07324078679084778,-0.008831441402435303,-0.028101753237564253
0.0,0.0,0.0,0.0041824281215667725,-0.060104966163635254,0.00930298606331803,0.029135048389434814,-0.09074634313583374,0.008591328956441657,0.05435091257095337,-0.08610862493515015,0.004937879950063007,0.07158377766609192,-0.06553030014038086,0.0015665482257247731,0.05291867256164551,-0.1228075623512268,0.004873467818157451,0.06492599844932556,-0.09756875038146973,-0.00190714213599108,0.0556950569152832,-0.07591545581817627,-0.00845663414870046,0.042600810527801514,-0.06840747594833374,-0.013687577821059449,0.07630932331085205,-0.10034745931625366,-0.005428921688093169,0.08366289734840393,-0.07544898986816406,-0.00848418173913501,0.07152226567268372,-0.05745053291320801,-0.012229670561595185,0.05801069736480713,-0.04937189817428589,-0.015405538283033593,0.09317094087600708,-0.06747603416442871,-0.015092924959702714,0.09464654326438904,-0.04112440347671509,-0.018510155170901044,0.07863479852676392,-0.024138927459716797,-0.019015624910338147,0.0645715594291687,-0.019032955169677734,-0.019996750890953763,0.10369065403938293,-0.027476489543914795,-0.024421002506954892,0.09755560755729675,0.005743682384490967,-0.02749613837872289,0.08107393980026245,0.019340813159942627,-0.026765716984613164,0.06832653284072876,0.022269010543823242,-0.025439634710295422
0.0,0.0,0.0,0.00568978488445282,-0.05619525909423828,0.006689948634743814,0.0301569402217865,-0.08503663539886475,0.003838285943061237,0.05400365591049194,-0.08054840564727783,-0.0011047633369116738,0.0698900818824768,-0.06206059455871582,-0.005875371257275219,0.053253173828125,-0.12025368213653564,-0.0010893589122815683,0.05469638109207153,-0.08815276622772217,-0.011051435815602417,0.045518577098846436,-0.06842726469039917,-0.02134054140231001,0.03482738137245178,-0.0636141300201416,-0.029250856349676724,0.07703530788421631,-0.09609037637710571,-0.01128607508769619,0.07621678709983826,-0.06735676527023315,-0.016418520221918698,0.06358078122138977,-0.05140286684036255,-0.02182397604963171,0.0503288209438324,-0.043813884258270264,-0.02648497731468069,0.09303781390190125,-0.061177194118499756,-0.020779905701488133,0.08708608150482178,-0.03267306089401245,-0.02615817808589327,0.06986168026924133,-0.018405020236968994,-0.02701859907290327,0.05616924166679382,-0.01384347677230835,-0.02837614887437212,0.10149738192558289,-0.02139502763748169,-0.03022585236510622,0.08769959211349487,0.014010488986968994,-0.035850712890237446,0.07075265049934387,0.025216341018676758,-0.035800503427594776,0.0588049590587616,0.026959657669067383,-0.03485854887446749
0.0,0.0,0.0,0.009893417358398438,-0.055873095989227295,0.007245241461163232,0.036581456661224365,-0.07974255084991455,0.004203550314372251,0.05999326705932617,-0.07149678468704224,-0.0011446922721063402,0.0748131275177002,-0.05088353157043457,-0.006567686533713868,0.06325370073318481,-0.11117732524871826,-0.0005357702897583749,0.062107354402542114,-0.07968425750732422,-0.010420454403544,0.05130875110626221,-0.059469521045684814,-0.020773144176388314,0.040233343839645386,-0.05460655689239502,-0.028612425288343957,0.0841602087020874,-0.08520334959030151,-0.011341664677644303,0.0825587809085846,-0.054112136363983154,-0.01684544768014007,0.0687217116355896,-0.03878641128540039,-0.02262382928111606,0.054673463106155396,-0.032810091972351074,-0.027358406892204812,0.09690263867378235,-0.0496140718460083,-0.021321657782578995,0.09107169508934021,-0.01918727159500122,-0.02714839551427417,0.07296320796012878,-0.004755556583404541,-0.02799494910814815,0.05859073996543884,-0.0016344785690307617,-0.028976753091598084,0.1025787889957428,-0.009196937084197998,-0.03117509532549434,0.09052491188049316,0.02710270881652832,-0.0363201962021833,0.07210934162139893,0.036709487438201904,-0.03532965268769317,0.05841389298439026,0.036076247692108154,-0.03356199871578269
0.0,0.0,0.0,0.012116551399230957,-0.05223816633224487,0.007769109947091124,0.038676828145980835,-0.074371337890625,0.004093827014273188,0.05960798263549805,-0.06507915258407593,-0.002521094833085158,0.07282242178916931,-0.04635804891586304,-0.009015632527464845,0.06674838066101074,-0.10564708709716797,0.0020536640989092803,0.06416577100753784,-0.0726388692855835,-0.009043452995413759,0.05214133858680725,-0.054280102252960205,-0.020646839136773565,0.04129961133003235,-0.05177581310272217,-0.029467151234442213,0.0864361822605133,-0.08127039670944214,-0.009809773149484613,0.08357912302017212,-0.04846060276031494,-0.017538915122443655,0.06872674822807312,-0.03381240367889404,-0.025159467677170255,0.054426491260528564,-0.029435455799102783,-0.030802217046314695,0.09817001223564148,-0.04736584424972534,-0.021057060653859594,0.09219464659690857,-0.012746572494506836,-0.029293925235563734,0.07274186611175537,0.0019508004188537598,-0.03101790762930534,0.0583934485912323,0.0030991435050964355,-0.03208709760993145,0.10305118560791016,-0.007719933986663818,-0.03220725684850834,0.09282693266868591,0.03302246332168579,-0.03885296239941738,0.07261249423027039,0.04260152578353882,-0.038267447347337225,0.0579284131526947,0.040247201919555664,-0.036649412209683874
0.0,0.0,0.0,0.012852594256401062,-0.05033940076828003,0.010823175208670932,0.04049369692802429,-0.06921237707138062,0.008145171115202743,0.062495410442352295,-0.058522582054138184,0.0017977721430639804,0.07800742983818054,-0.04004698991775513,-0.004464647369431418,0.06685811281204224,-0.10119318962097168,0.004380972487879831,0.06662136316299438,-0.06946355104446411,-0.004907537354128522,0.054662227630615234,-0.04810976982116699,-0.014273862456875008,0.04262658953666687,-0.04263204336166382,-0.02130347686816947,0.08735913038253784,-0.07808709144592285,-0.008499108357327145,0.08613687753677368,-0.04640340805053711,-0.015372309004860085,0.07107183337211609,-0.028369545936584473,-0.022240804610746068,0.05401518940925598,-0.01967322826385498,-0.027035364983575505,0.10050597786903381,-0.045564234256744385,-0.020368065787451428,0.09381917119026184,-0.008762478828430176,-0.02805522280742423,0.07252219319343567,0.010317504405975342,-0.029653584687011403,0.05445113778114319,0.01620429754257202,-0.030376587165491742,0.10675019025802612,-0.007322967052459717,-0.031843468649285,0.09456363320350647,0.03702878952026367,-0.038371116025345486,0.07281699776649475,0.05004018545150757,-0.03807421783913867,0.05534780025482178,0.05174785852432251,-0.03637952740301387
0.0,0.0,0.0,0.017169058322906494,-0.048459768295288086,0.016393840049289565,0.043558940291404724,-0.0626077651977539,0.015096312125109534,0.06459678709506989,-0.051808178424835205,0.00861685882964025,0.07869412004947662,-0.03532224893569946,0.0020731449750144293,0.0681685358285904,-0.09453999996185303,0.010466607023857932,0.0710131973028183,-0.06456047296524048,0.0037239931681085636,0.059584781527519226,-0.041234493255615234,-0.0031170887249629686,0.046863898634910583,-0.0331956148147583,-0.008190144117094178,0.08910374343395233,-0.07420468330383301,-0.0042595707654129455,0.08948339521884918,-0.04393130540847778,-0.008514225746608872,0.07471413910388947,-0.024048268795013428,-0.013546567673898835,0.056552574038505554,-0.01183408498764038,-0.017079310755349297,0.10267345607280731,-0.04380267858505249,-0.017694315205432076,0.09614171087741852,-0.0035483837127685547,-0.023417933176375527,0.07362030446529388,0.018046140670776367,-0.024316096942044396,0.05403243005275726,0.02760922908782959,-0.024508193398929734,0.10953490436077118,-0.006957292556762695,-0.030315999205328126,0.09951810538768768,0.04070258140563965,-0.03448312383434882,0.07747937738895416,0.05521070957183838,-0.03344682630441298,0.05780415236949921,0.058791160583496094,-0.03148664932987799
0.0,0.0,0.0,0.016799479722976685,-0.048264145851135254,0.01636238855105887,0.042630910873413086,-0.06165790557861328,0.015372499756338698,0.06368675827980042,-0.050011634826660156,0.009087003700258833,0.07792335748672485,-0.032514750957489014,0.0026971555108303846,0.06792008876800537,-0.09299290180206299,0.010722489960315329,0.07150760293006897,-0.06369900703430176,0.005280690666111809,0.05974382162094116,-0.038574278354644775,4.886277936577699e-05,0.04623320698738098,-0.0288049578666687,-0.0037812684403633057,0.08860811591148376,-0.07202816009521484,-0.0037456765511905132,0.08883169293403625,-0.04140758514404297,-0.006902258910415071,0.07423743605613708,-0.019598007202148438,-0.011290164731619257,0.05597570538520813,-0.005614221096038818,-0.014315641552386182,0.10215163230895996,-0.04163777828216553,-0.016796541467485326,0.09486335515975952,0.0016155242919921875,-0.02235681104677667,0.07140260934829712,0.025620460510253906,-0.022799349457201856,0.050419628620147705,0.03651660680770874,-0.02227833966928472,0.10904920101165771,-0.005091369152069092,-0.028947430730042356,0.10072505474090576,0.042000651359558105,-0.03263091209548463,0.07849076390266418,0.05739474296569824,-0.030307210117754835,0.05747878551483154,0.06137639284133911,-0.027147746712145704
0.0,0.0,0.0,0.017512738704681396,-0.04903358221054077,0.015163129490048277,0.04396641254425049,-0.06315457820892334,0.014292531941265452,0.06557291746139526,-0.05098778009414673,0.008402377661496985,0.0797814428806305,-0.03363955020904541,0.002359796144247639,0.06937441229820251,-0.09226298332214355,0.009994752068251955,0.07075899839401245,-0.062498629093170166,0.004470673684210169,0.05960765480995178,-0.03778356313705444,-0.0003792015160968276,0.04637038707733154,-0.027058005332946777,-0.0035658613162183883,0.08962258696556091,-0.0712205171585083,-0.0035140422953361394,0.0881040096282959,-0.03916507959365845,-0.007568655706762684,0.07307881116867065,-0.017638862133026123,-0.012466231066554201,0.05415722727775574,-0.0027580857276916504,-0.015213775154023779,0.1028466522693634,-0.04060530662536621,-0.015646331649094236,0.09392049908638,0.003192722797393799,-0.02299694408085884,0.07023394107818604,0.02644062042236328,-0.02451579895225109,0.04898780584335327,0.038744986057281494,-0.02368867647257389,0.10956689715385437,-0.00415194034576416,-0.02679979678597988,0.1033044159412384,0.04298955202102661,-0.0316406625172192,0.0821300745010376,0.05884146690368652,-0.029689917977719915,0.06146097183227539,0.06442451477050781,-0.026163275059133184
0.0,0.0,0.0,0.016360923647880554,-0.04974287748336792,0.016369149201693745,0.04252268373966217,-0.06437116861343384,0.01606272731083891,0.06418602168560028,-0.053274333477020264,0.01067269232231638,0.07934992015361786,-0.036755263805389404,0.005128857326837988,0.06888063251972198,-0.09491997957229614,0.01045782037186882,0.06989805400371552,-0.06567209959030151,0.00625648873034379,0.05854196846485138,-0.040393173694610596,0.0027886555727150153,0.04557688534259796,-0.030098140239715576,0.00031309682168512154,0.08963154256343842,-0.0741233229637146,-0.003379805366364508,0.08719448745250702,-0.04289603233337402,-0.006013301088330536,0.07260774075984955,-0.020049571990966797,-0.009892352743861466,0.054781362414360046,-0.004054367542266846,-0.012350569366333275,0.10304929316043854,-0.04374176263809204,-0.01567502122264841,0.09377430379390717,0.0007249116897583008,-0.022118463999447613,0.0702487975358963,0.02607625722885132,-0.023499522245344906,0.04952774941921234,0.03936666250228882,-0.023006711042341976,0.10997800529003143,-0.007217347621917725,-0.026839019617852955,0.10298086702823639,0.040758371353149414,-0.03124599147480467,0.08180089294910431,0.057315945625305176,-0.029452705642995625,0.061359867453575134,0.06263256072998047,-0.026337763181743412
0.0,0.0,0.0,0.018115073442459106,-0.04942905902862549,0.01672055488492674,0.04466748237609863,-0.06370002031326294,0.01634662142063803,0.06624364852905273,-0.05287522077560425,0.010610886011676257,0.08070558309555054,-0.03658163547515869,0.00476505011360473,0.06870493292808533,-0.09510910511016846,0.01136036319698519,0.07101905345916748,-0.06430274248123169,0.006262395624474948,0.05975624918937683,-0.03832817077636719,0.0018032685391915493,0.04653501510620117,-0.028086423873901367,-0.0012816399331825323,0.08936402201652527,-0.07529520988464355,-0.003005378786070878,0.08804774284362793,-0.042809247970581055,-0.006279457732631499,0.0736350417137146,-0.02013164758682251,-0.010892814863069589,0.05540984869003296,-0.005264997482299805,-0.013873538840158517,0.10314586758613586,-0.04530346393585205,-0.01592411743436628,0.0946713387966156,-0.0006612539291381836,-0.022774188685758645,0.07164648175239563,0.025016069412231445,-0.024416741821511323,0.05102723836898804,0.03830921649932861,-0.024075842368944222,0.11064639687538147,-0.008826673030853271,-0.027763890940292413,0.10503911972045898,0.039483726024627686,-0.03230409407947832,0.08441662788391113,0.056439757347106934,-0.030571349802954728,0.064093679189682,0.062183678150177,-0.027570272702320153
0.0,0.0,0.0,0.018915191292762756,-0.05008190870285034,0.01688678982077363,0.04599390923976898,-0.06386303901672363,0.01653777668593648,0.06745453178882599,-0.052505314350128174,0.010734473824186352,0.08182816207408905,-0.03598344326019287,0.004692903257591752,0.06902341544628143,-0.09467571973800659,0.011659957937581567,0.07001082599163055,-0.06530451774597168,0.006632112901343135,0.05881054699420929,-0.039294540882110596,0.002307169375626472,0.04607899487018585,-0.028332650661468506,-0.0005941073725352908,0.08952142298221588,-0.07478934526443481,-0.0028945999185907567,0.08804591000080109,-0.04288530349731445,-0.006377193607704612,0.07332335412502289,-0.02016967535018921,-0.011083544694201919,0.05503295361995697,-0.004796504974365234,-0.013940767847316238,0.10342229902744293,-0.044789791107177734,-0.015973010562674972,0.09501530230045319,-0.0007685422897338867,-0.023055135734693977,0.07168157398700714,0.024852395057678223,-0.024752856694476577,0.05091853439807892,0.03872019052505493,-0.024198362134711715,0.11113928258419037,-0.008464574813842773,-0.027948749713914367,0.10648076236248016,0.039202213287353516,-0.03241289918901202,0.08574999868869781,0.05672377347946167,-0.030451612077968093,0.06533999741077423,0.06350117921829224,-0.027149429075734588
0.0,0.0,0.0,0.01781284809112549,-0.05017566680908203,0.017378148184462816,0.04435931146144867,-0.06438791751861572,0.017424677060290605,0.06571312248706818,-0.05325615406036377,0.011837996104105741,0.08027942478656769,-0.03662455081939697,0.005920610883578092,0.06836186349391937,-0.09477615356445312,0.012932738782211572,0.07024030387401581,-0.0665585994720459,0.008489701458557875,0.059611961245536804,-0.040946364402770996,0.004643405349298746,0.047090962529182434,-0.02951669692993164,0.0021369154838168924,0.08876167237758636,-0.07561647891998291,-0.0015427341877227718,0.08814425766468048,-0.043135106563568115,-0.004525687518224686,0.07384152710437775,-0.01977229118347168,-0.00897507320220825,0.05594004690647125,-0.0036139488220214844,-0.011557260035232275,0.10250921547412872,-0.04611164331436157,-0.01454324784751293,0.0951557606458664,-0.0004978179931640625,-0.02137518997366783,0.07239745557308197,0.02621281147003174,-0.023131893454745978,0.05200813710689545,0.041357576847076416,-0.022514724610999792,0.1102428287267685,-0.010182559490203857,-0.026373736067370146,0.10565589368343353,0.038314640522003174,-0.030655959128097265,0.08541639149188995,0.05629384517669678,-0.028732645763710707,0.06530521810054779,0.0636444091796875,-0.02537696386750099
0.0,0.0,0.0,0.01811113953590393,-0.050621092319488525,0.01785005416216734,0.044856250286102295,-0.06518197059631348,0.01802603315057638,0.0665023922920227,-0.05526536703109741,0.01249442502351883,0.08135327696800232,-0.04022777080535889,0.00675492707135561,0.06872770190238953,-0.09541809558868408,0.01347781411799076,0.0705125629901886,-0.06532108783721924,0.009375305580519466,0.05996781587600708,-0.03784811496734619,0.005772061380170612,0.047395944595336914,-0.025743722915649414,0.0032513893345225142,0.089362233877182,-0.07662153244018555,-0.0013494134511944367,0.0879187285900116,-0.04390859603881836,-0.004272106369413109,0.07349288463592529,-0.019243955612182617,-0.008748596799946995,0.055429428815841675,-0.002674281597137451,-0.011447167289830418,0.10359352827072144,-0.047630250453948975,-0.014664798309482308,0.09602546691894531,-0.0029558539390563965,-0.02140316207466242,0.07361263036727905,0.025190293788909912,-0.02297469627616522,0.05368465185165405,0.04078817367553711,-0.022345001143790455,0.11194613575935364,-0.01175779104232788,-0.02679879058656809,0.10829871892929077,0.036251723766326904,-0.031116524977065296,0.08818471431732178,0.054645538330078125,-0.02917625222859499,0.06834006309509277,0.06182122230529785,-0.025883129132367344
0.0,0.0,0.0,0.017940595746040344,-0.05117464065551758,0.017803302347402905,0.0449070930480957,-0.06627726554870605,0.01810531535718951,0.06697666645050049,-0.0557866096496582,0.012725900239985322,0.08233726024627686,-0.04004031419754028,0.007160704895596837,0.06982675194740295,-0.09627270698547363,0.013904841929416989,0.07312822341918945,-0.06541937589645386,0.010041072346012925,0.06282195448875427,-0.03754782676696777,0.006689431924115752,0.04972603917121887,-0.02487093210220337,0.004448587387543057,0.09018611907958984,-0.07695209980010986,-0.0006289463273958518,0.0901237428188324,-0.04355496168136597,-0.0034263419586011423,0.07545265555381775,-0.01804661750793457,-0.0076594335625657095,0.05672833323478699,-0.0011352300643920898,-0.010062115885574485,0.10418283939361572,-0.047652363777160645,-0.013680187672633792,0.09817081689834595,-0.0025391578674316406,-0.02022706499721494,0.07546627521514893,0.02550595998764038,-0.021539905727166797,0.054566264152526855,0.0409313440322876,-0.020608199447650577,0.11221906542778015,-0.011718451976776123,-0.025533817395825054,0.10985320806503296,0.03618890047073364,-0.029669232353825237,0.08956289291381836,0.0544394850730896,-0.02747132784153905,0.06891342997550964,0.06120079755783081,-0.02388541741694894
0.0,0.0,0.0,0.017619937658309937,-0.05082345008850098,0.016999037028440966,0.04420211911201477,-0.06558972597122192,0.016954843909630313,0.06557950377464294,-0.05495721101760864,0.011305714049527182,0.0807417631149292,-0.03920406103134155,0.005490374774822726,0.06791764497756958,-0.09568023681640625,0.012910940707811847,0.0710163414478302,-0.06794607639312744,0.008597699017414584,0.06079047918319702,-0.04106849431991577,0.005107876402476563,0.04806974530220032,-0.028770625591278076,0.0028032933130504034,0.0882815420627594,-0.07672899961471558,-0.001294055115280912,0.08873724937438965,-0.04531759023666382,-0.00460980783667253,0.07465037703514099,-0.020640075206756592,-0.009052311046829686,0.05670467019081116,-0.00426870584487915,-0.011514279967954621,0.10261821746826172,-0.04750955104827881,-0.014041931344976888,0.09692704677581787,-0.0025246739387512207,-0.020833653374424443,0.07482337951660156,0.025680720806121826,-0.02224262522052811,0.05480864644050598,0.04097867012023926,-0.021399655355921254,0.11112704873085022,-0.011421024799346924,-0.02566936702918099,0.10744068026542664,0.03727215528488159,-0.029864969639888272,0.08736208081245422,0.055204570293426514,-0.027800927846541867,0.06747063994407654,0.06157928705215454,-0.02432252557467507
0.0,0.0,0.0,0.016474127769470215,-0.05080682039260864,0.017696977347924303,0.042891085147857666,-0.06553065776824951,0.01794388958890636,0.06465816497802734,-0.055187761783599854,0.012532593437327932,0.08047959208488464,-0.03954070806503296,0.0068954939365823975,0.06734892725944519,-0.09627759456634521,0.013135203846587729,0.06988704204559326,-0.06815403699874878,0.009369742811514925,0.0597095787525177,-0.040751755237579346,0.006415806465639662,0.04734674096107483,-0.028351426124572754,0.004482659731849026,0.08817288279533386,-0.07761651277542114,-0.0013176757033477315,0.08839190006256104,-0.045632243156433105,-0.0039369238197366485,0.07429587841033936,-0.02035611867904663,-0.007880630216703821,0.0564860999584198,-0.0031874775886535645,-0.010039739555821825,0.10267063975334167,-0.04846292734146118,-0.014205140306756903,0.09652814269065857,-0.0027660131454467773,-0.02051753668408196,0.07351592183113098,0.025157690048217773,-0.02186779609243672,0.05301287770271301,0.03992241621017456,-0.021038378833935667,0.1112288236618042,-0.012316405773162842,-0.02587930416981976,0.10725542902946472,0.036975979804992676,-0.029405621125505377,0.08711367845535278,0.055307745933532715,-0.02709073504726689,0.06715914607048035,0.06172513961791992,-0.02354856325607102
0.0,0.0,0.0,0.01687246561050415,-0.050602495670318604,0.017854618907762188,0.04351285099983215,-0.06509971618652344,0.018149727091980594,0.06563720107078552,-0.05457037687301636,0.012757043422055858,0.08128684759140015,-0.03883516788482666,0.007149056599331516,0.06785723567008972,-0.09662246704101562,0.0139487609945661,0.07088467478752136,-0.0679430365562439,0.010456924394560474,0.061158597469329834,-0.04069840908050537,0.007662268888992685,0.04849490523338318,-0.028133034706115723,0.005950684727025646,0.088703453540802,-0.07783859968185425,-0.0005261124946684959,0.08935117721557617,-0.04583239555358887,-0.0027525249655866446,0.07535377144813538,-0.020535647869110107,-0.006613543189274651,0.057065725326538086,-0.0031200051307678223,-0.008676599643337113,0.10343199968338013,-0.04883158206939697,-0.013465134359108788,0.09753182530403137,-0.003634631633758545,-0.019646412625121457,0.07482370734214783,0.025071024894714355,-0.02103584718625484,0.05399855971336365,0.04113602638244629,-0.020106797038721425,0.11210310459136963,-0.012979865074157715,-0.025177468477892262,0.10917273163795471,0.03542208671569824,-0.028667925789164883,0.08937051892280579,0.05466055870056152,-0.026247392340707165,0.06909647583961487,0.06249362230300903,-0.022529651343035084
0.0,0.0,0.0,0.017398744821548462,-0.05098867416381836,0.01729373184053884,0.044032588601112366,-0.0659404993057251,0.017244788976597647,0.06600098311901093,-0.055032312870025635,0.01155089044033275,0.08131055533885956,-0.03891026973724365,0.00557515134124742,0.0681798905134201,-0.0967290997505188,0.013247047709512572,0.07040782272815704,-0.06587457656860352,0.008447289625394205,0.0602061003446579,-0.0387648344039917,0.004146852223414044,0.04726506769657135,-0.025971174240112305,0.001445573447483639,0.08901537954807281,-0.07802224159240723,-0.0010629483310253818,0.08852015435695648,-0.04281884431838989,-0.0044936764331282575,0.07387374341487885,-0.017631709575653076,-0.009393255999100347,0.05537824332714081,-0.0005101561546325684,-0.012067692195785185,0.10353259742259979,-0.04877108335494995,-0.013921766383361955,0.09678249061107635,-0.002393782138824463,-0.020848578614902635,0.07416869699954987,0.02507197856903076,-0.022679199306082864,0.05357350409030914,0.04068636894226074,-0.02192683036417975,0.11216370761394501,-0.012862622737884521,-0.025628256452989717,0.10840670764446259,0.03570866584777832,-0.029575104666662355,0.08874668180942535,0.05417048931121826,-0.027471062568736215,0.06897647678852081,0.06187713146209717,-0.02390579584033503
0.0,0.0,0.0,0.018017202615737915,-0.051025450229644775,0.018254223317697438,0.04448327422142029,-0.06445997953414917,0.018144995943501385,0.06620413064956665,-0.05276089906692505,0.012005154081478508,0.0817326009273529,-0.03687787055969238,0.005526145026877316,0.06779754161834717,-0.09559506177902222,0.01491219367910901,0.06977024674415588,-0.0647086501121521,0.009940555357232483,0.06005120277404785,-0.0361749529838562,0.005196383726641329,0.047424644231796265,-0.022209644317626953,0.0022514972750542483,0.08861500024795532,-0.07807224988937378,-8.920721136007614e-05,0.08751896023750305,-0.04262953996658325,-0.004205567724213211,0.07318192720413208,-0.014600574970245361,-0.009848576932355968,0.05446633696556091,0.004625856876373291,-0.012897150552973358,0.1034252941608429,-0.04958611726760864,-0.013643749020204154,0.09683337807655334,-0.0028681159019470215,-0.02124480247418603,0.07439723610877991,0.02672487497329712,-0.023613749965235797,0.05317777395248413,0.04370969533920288,-0.02302209004680833,0.11242315173149109,-0.014117598533630371,-0.02597900383095464,0.10998368263244629,0.03548151254653931,-0.03019286967735013,0.09070038795471191,0.05512923002243042,-0.028200761377021877,0.07014244794845581,0.0635342001914978,-0.024703551977083293
0.0,0.0,0.0,0.01763331890106201,-0.05132359266281128,0.017321489239336074,0.044230327010154724,-0.06550246477127075,0.016740506002904,0.0664423257112503,-0.054295480251312256,0.010360071854890407,0.08196724951267242,-0.03887909650802612,0.00376224583037299,0.06739617884159088,-0.09705352783203125,0.013514982955754817,0.07002179324626923,-0.06669080257415771,0.007683122018576682,0.060093000531196594,-0.039067745208740234,0.002246697852612556,0.04718203842639923,-0.025506436824798584,-0.001162409246674656,0.08864425122737885,-0.07920360565185547,-0.0011690302516882412,0.08784903585910797,-0.04436427354812622,-0.005865891976057469,0.07319964468479156,-0.017796099185943604,-0.011697264900206505,0.05428515374660492,0.0002944469451904297,-0.014976543886362492,0.1037483662366867,-0.050512611865997314,-0.014504187321065842,0.09693147242069244,-0.0046190619468688965,-0.0225294461005916,0.07411034405231476,0.02423638105392456,-0.02464867061912912,0.05274762213230133,0.040734946727752686,-0.02400513603329557,0.11267684400081635,-0.015116453170776367,-0.026735861366390168,0.11033283174037933,0.03397822380065918,-0.03155131316721338,0.09059669077396393,0.05331653356552124,-0.029689463367461144,0.06995843350887299,0.0617290735244751,-0.026286196475624024
0.0,0.0,0.0,0.018023744225502014,-0.05103921890258789,0.018080813668646556,0.04478079080581665,-0.06519848108291626,0.01811473616210435,0.06691238284111023,-0.05393850803375244,0.01215804354099248,0.08288159966468811,-0.038687169551849365,0.006041316639610272,0.06736204028129578,-0.09655791521072388,0.015038098067023498,0.07134249806404114,-0.06488126516342163,0.00982843884078477,0.06166619062423706,-0.03652256727218628,0.005031344804891091,0.048654645681381226,-0.02248549461364746,0.0020417213421097813,0.08815160393714905,-0.07892191410064697,0.00012746928071294406,0.08881247043609619,-0.04355514049530029,-0.003819425964749712,0.07475697994232178,-0.01691746711730957,-0.009167138628683347,0.05626004934310913,0.000926673412322998,-0.012177477732322473,0.10295870900154114,-0.05059534311294556,-0.013455217845759648,0.09776932001113892,-0.0037009119987487793,-0.020918276302538175,0.07546824216842651,0.02552574872970581,-0.022706626124701756,0.05454477667808533,0.04184246063232422,-0.021890642263016957,0.1119590699672699,-0.015172362327575684,-0.025877021394691724,0.11035481095314026,0.034604549407958984,-0.03012856296452071,0.09096962213516235,0.053750813007354736,-0.02796075320991065,0.07070627808570862,0.06150221824645996,-0.02442426993700053
0.0,0.0,0.0,0.01878388226032257,-0.05034041404724121,0.018987190404260446,0.04614485800266266,-0.06385225057601929,0.019579254516685296,0.06816165149211884,-0.05208534002304077,0.013971086086058904,0.08380664885044098,-0.03652787208557129,0.008010426030779172,0.06899036467075348,-0.09423404932022095,0.016896853649342347,0.07149393856525421,-0.06086450815200806,0.011953891680860806,0.061586156487464905,-0.031527936458587646,0.0068067409631851206,0.047949448227882385,-0.016356945037841797,0.0037031871800365934,0.08973298966884613,-0.07680290937423706,0.0018532825236263761,0.0887332409620285,-0.03980642557144165,-0.0017365814817082992,0.07418958842754364,-0.01221555471420288,-0.007628795264935206,0.055068239569664,0.0068555474281311035,-0.010908678679442119,0.10448972880840302,-0.04837149381637573,-0.011784937738156032,0.09831850230693817,-0.0019477605819702148,-0.018709642386710357,0.07597784698009491,0.027245044708251953,-0.020889108574664306,0.05469609797000885,0.044287681579589844,-0.020238317123329352,0.11341901123523712,-0.013171374797821045,-0.024192418477213096,0.11165119707584381,0.03580284118652344,-0.027833649462735366,0.09254570305347443,0.055872440338134766,-0.025459052568947982,0.0720764547586441,0.06512022018432617,-0.021666777825629424
0.0,0.0,0.0,0.019213050603866577,-0.05035275220870972,0.01935315941145177,0.046146780252456665,-0.06290405988693237,0.019847771792314006,0.06768053770065308,-0.05056565999984741,0.014153825758597804,0.08315455913543701,-0.03443092107772827,0.008016772276363326,0.0691329836845398,-0.09313857555389404,0.015933937101266338,0.06874462962150574,-0.05568593740463257,0.011016549250683738,0.05788484215736389,-0.02313286066055298,0.0058861148418998255,0.04408100247383118,-0.005391716957092285,0.002765761396489097,0.0895586609840393,-0.07635289430618286,0.0008274417478730811,0.08655956387519836,-0.03506731986999512,-0.003268032160946177,0.07118695974349976,-0.004951655864715576,-0.009593809315362023,0.051447778940200806,0.015680253505706787,-0.013115776994624184,0.10425075888633728,-0.04812824726104736,-0.012644877017834233,0.0973416268825531,0.0007505416870117188,-0.019737712399461316,0.07471784949302673,0.02975332736968994,-0.022431007878282117,0.05289238691329956,0.04675412178039551,-0.022101947398283528,0.11347290873527527,-0.013179659843444824,-0.024783595756986188,0.11209240555763245,0.037402570247650146,-0.02860814827809577,0.09302663803100586,0.05773794651031494,-0.026421503455736683,0.07227298617362976,0.06703436374664307,-0.022715985135533856
0.0,0.0,0.0,0.01972702145576477,-0.05124950408935547,0.02006780969152544,0.047603949904441833,-0.06426995992660522,0.020962494036055546,0.06933464109897614,-0.052730560302734375,0.015519219061232548,0.0837002545595169,-0.03738546371459961,0.009570872021711807,0.07057042419910431,-0.09415507316589355,0.017423352768517475,0.07032753527164459,-0.05650365352630615,0.012566780282057266,0.05952952802181244,-0.024962425231933594,0.006853624788917045,0.04519720375537872,-0.0075629353523254395,0.0033425209874877737,0.09086884558200836,-0.07728391885757446,0.0019666262267747925,0.08695526421070099,-0.03542441129684448,-0.0016869111388331248,0.0718805342912674,-0.005812942981719971,-0.008420729467772503,0.052210256457328796,0.014591515064239502,-0.012355787137650509,0.10510997474193573,-0.04894620180130005,-0.011858243884645958,0.09777872264385223,-0.0010447502136230469,-0.01819954013278391,0.07593740522861481,0.027654588222503662,-0.021032288128637333,0.05460287630558014,0.04481065273284912,-0.0210243718867531,0.11391772329807281,-0.014216482639312744,-0.024384587461256046,0.11308713257312775,0.03537750244140625,-0.027511765638493557,0.09493722021579742,0.055863022804260254,-0.025233044678472538,0.07469348609447479,0.06556886434555054,-0.021619220653676052
0.0,0.0,0.0,0.019262924790382385,-0.05072295665740967,0.01998754556541371,0.04701855778694153,-0.06416410207748413,0.0207984704828732,0.068947434425354,-0.05312955379486084,0.015315796837853668,0.08366256952285767,-0.037114083766937256,0.009260981001602886,0.07100391387939453,-0.09423422813415527,0.017140173942493675,0.07103225588798523,-0.05709713697433472,0.012548547827350376,0.05992567539215088,-0.02721160650253296,0.007031054825233696,0.04543432593345642,-0.01107865571975708,0.003679474939303873,0.09118092060089111,-0.07758516073226929,0.0019281384373925903,0.08786693215370178,-0.03447240591049194,-0.0012675890394575617,0.07242763042449951,-0.0054833292961120605,-0.007795661098612072,0.05272918939590454,0.014235079288482666,-0.011637601412189724,0.1054806113243103,-0.04935622215270996,-0.011595561511171582,0.09876707196235657,3.3974647521972656e-06,-0.017220614820075753,0.07690945267677307,0.028087377548217773,-0.019864129244638207,0.055497705936431885,0.045047104358673096,-0.019854186444831612,0.11421838402748108,-0.014910697937011719,-0.023843026130748513,0.11380058526992798,0.03493010997772217,-0.02634881471033168,0.0957956612110138,0.05531829595565796,-0.02387226593430114,0.07567048072814941,0.06529772281646729,-0.020150460644913437
0.0,0.0,0.0,0.020279958844184875,-0.04924410581588745,0.020944344108215773,0.04867233335971832,-0.06135624647140503,0.02246633567403933,0.07053782045841217,-0.05035293102264404,0.017410543044320548,0.085416778922081,-0.03434419631958008,0.011708203931561911,0.07215966284275055,-0.09092730283737183,0.0195485840041556,0.0741913765668869,-0.05512595176696777,0.0156545697201409,0.06333617866039276,-0.025311410427093506,0.010491551128438914,0.048023536801338196,-0.008672833442687988,0.007539183595440591,0.09268875420093536,-0.07459431886672974,0.004228968401662314,0.09025408327579498,-0.03392666578292847,0.0018206210762627961,0.07469834387302399,-0.004888594150543213,-0.004735206025429761,0.054024145007133484,0.01529848575592041,-0.00850646920014242,0.1074443906545639,-0.04689067602157593,-0.009385524089225328,0.10125575959682465,0.00013881921768188477,-0.014201606395431554,0.07946209609508514,0.028827428817749023,-0.017008121828325784,0.05736337602138519,0.047030746936798096,-0.017099529276379144,0.11659733951091766,-0.013129651546478271,-0.021668400387056863,0.11684559285640717,0.0352710485458374,-0.023311355854161775,0.09895788133144379,0.05594134330749512,-0.02067387453723768,0.0783771425485611,0.06695801019668579,-0.016907091955431497
0.0,0.0,0.0,0.02071543037891388,-0.050714075565338135,0.021373643703526568,0.04920327663421631,-0.06285750865936279,0.023189346469706607,0.07104125618934631,-0.05182522535324097,0.01844506634003551,0.08575144410133362,-0.03556007146835327,0.012951651751762938,0.0730929970741272,-0.09250432252883911,0.019482485182351184,0.073386549949646,-0.05402398109436035,0.016209810204571795,0.06179457902908325,-0.024092018604278564,0.01164213025546701,0.04654800891876221,-0.007402539253234863,0.00903433018899591,0.093573659658432,-0.07587414979934692,0.004198756232625556,0.09020230174064636,-0.03171020746231079,0.00229788774228723,0.07365784049034119,-0.001881241798400879,-0.0036445291007396463,0.05268755555152893,0.018612205982208252,-0.006987805314594198,0.10808748006820679,-0.04781079292297363,-0.009232001215451646,0.10181403160095215,0.0011286139488220215,-0.013601838447385717,0.0793546736240387,0.029570162296295166,-0.01595049800747006,0.056876927614212036,0.04742312431335449,-0.01569731982820599,0.1166694164276123,-0.014104366302490234,-0.021273265429073263,0.11713594198226929,0.03408890962600708,-0.02261829452984898,0.09901192784309387,0.05496060848236084,-0.01953727828734486,0.07833489775657654,0.06594377756118774,-0.015353852719300676
0.0,0.0,0.0,0.020854324102401733,-0.05139690637588501,0.02069952879566017,0.0496785044670105,-0.06417888402938843,0.022267006156027946,0.07178807258605957,-0.05314075946807861,0.01714980397838417,0.08663582801818848,-0.03648245334625244,0.01139260158407751,0.07300275564193726,-0.0929211974143982,0.02008341420906845,0.07536581158638,-0.05559605360031128,0.015384088088751469,0.06375941634178162,-0.025246143341064453,0.009762584050179157,0.04812878370285034,-0.008452117443084717,0.0066622177185422515,0.09355169534683228,-0.07597357034683228,0.0046834021853214836,0.0923614501953125,-0.03372359275817871,0.0011906161019510364,0.0756160318851471,-0.0036333799362182617,-0.005394670828252401,0.054342836141586304,0.016744792461395264,-0.008743326361297932,0.10822376608848572,-0.04792821407318115,-0.009197514685808983,0.10320731997489929,0.00045621395111083984,-0.015195089573978748,0.08020582795143127,0.02967017889022827,-0.017659569340764847,0.05734696984291077,0.047514140605926514,-0.016961492779671516,0.11690586805343628,-0.013911664485931396,-0.021765550780116882,0.11771389842033386,0.03452187776565552,-0.024183143111883965,0.09896138310432434,0.05522894859313965,-0.021242600115954247,0.07780003547668457,0.06572937965393066,-0.0168915318278664
0.0,0.0,0.0,0.02134808897972107,-0.050908446311950684,0.0213859726308101,0.05018514394760132,-0.06359279155731201,0.02326367912871774,0.07198232412338257,-0.0538516640663147,0.018298969846796354,0.08647921681404114,-0.03760027885437012,0.012594844457339605,0.0732831358909607,-0.09344148635864258,0.020707502272557576,0.07521951198577881,-0.05502891540527344,0.01617541281564172,0.06310224533081055,-0.024502575397491455,0.01048778487427171,0.04699626564979553,-0.007149100303649902,0.007485356890242656,0.09337806701660156,-0.07685738801956177,0.005164088458400329,0.09251207113265991,-0.03160583972930908,0.0021701103640907604,0.07568129897117615,-0.0011659860610961914,-0.00436266114877526,0.054222822189331055,0.01943063735961914,-0.007719365637171904,0.10776793956756592,-0.048799753189086914,-0.008748379293251674,0.10357007384300232,0.001369476318359375,-0.014101774189043681,0.08045116066932678,0.030028939247131348,-0.016490946281123797,0.05708160996437073,0.047733962535858154,-0.0157667535723931,0.11635637283325195,-0.015158236026763916,-0.02129290694313113,0.11860856413841248,0.03339117765426636,-0.023033042195606868,0.10038399696350098,0.05448734760284424,-0.019669751393962542,0.0791243314743042,0.06572061777114868,-0.015001036915350596
0.0,0.0,0.0,0.021396607160568237,-0.05083221197128296,0.02115626834896034,0.049726516008377075,-0.06396347284317017,0.022890182366637646,0.0713866651058197,-0.054368019104003906,0.017876552572516857,0.08591055870056152,-0.03818267583847046,0.012188042668668686,0.07260963320732117,-0.09431564807891846,0.019957970982460438,0.07503899931907654,-0.05708003044128418,0.015250030128328262,0.06333258748054504,-0.026614904403686523,0.009557570485441147,0.04744085669517517,-0.009585797786712646,0.006539580101190268,0.09290552139282227,-0.07741963863372803,0.00455109930229014,0.09149989485740662,-0.03373312950134277,0.0013330908641648875,0.07494351267814636,-0.003890395164489746,-0.005224320882888378,0.053729742765426636,0.016368329524993896,-0.00858252200666243,0.10740509629249573,-0.04922747611999512,-0.009228101776869835,0.10203659534454346,0.0005314350128173828,-0.01488830040577227,0.07892045378684998,0.028806090354919434,-0.017513096177907528,0.055673420429229736,0.046188950538635254,-0.016909776100845875,0.11620450019836426,-0.015457212924957275,-0.021630987370343746,0.11664864420890808,0.033125877380371094,-0.0237652676496225,0.09800282120704651,0.05372786521911621,-0.02082175559732491,0.07677757740020752,0.06452292203903198,-0.016398800382347645
0.0,0.0,0.0,0.019648581743240356,-0.050879478454589844,0.019484011071838836,0.04764452576637268,-0.06478744745254517,0.019978349643864135,0.06983500719070435,-0.05535024404525757,0.014107958029129009,0.0849904716014862,-0.039785683155059814,0.007767503230937223,0.07015717029571533,-0.09584581851959229,0.01668985149554203,0.07390385866165161,-0.06284099817276001,0.011148597660579185,0.06302857398986816,-0.03515881299972534,0.005259132559515933,0.048375070095062256,-0.021091222763061523,0.0018180070557747285,0.09053409099578857,-0.07899469137191772,0.001287066225998501,0.09024962782859802,-0.04110437631607056,-0.0025824174870621164,0.07489651441574097,-0.01507270336151123,-0.008905065630457898,0.055019378662109375,0.002457141876220703,-0.012521943461976548,0.10528042912483215,-0.05082213878631592,-0.012628440198383828,0.09993261098861694,-0.0032038092613220215,-0.019556837540946503,0.07663744688034058,0.024650752544403076,-0.021896507975540658,0.0543915331363678,0.040962934494018555,-0.021386634942970772,0.1145315170288086,-0.01621466875076294,-0.025305528578243752,0.11395889520645142,0.033347249031066895,-0.028715258848748704,0.09438103437423706,0.05293679237365723,-0.02622929253884365,0.07333853840827942,0.06215035915374756,-0.022406310227594872
0.0,0.0,0.0,0.019315659999847412,-0.05101829767227173,0.018871915455420663,0.04715926945209503,-0.06581473350524902,0.019159725795944382,0.06943090260028839,-0.05677688121795654,0.01327464536156242,0.0846681147813797,-0.04111868143081665,0.00698352039184158,0.07032294571399689,-0.09690845012664795,0.015804747979601075,0.07338307797908783,-0.06446009874343872,0.010068399760385205,0.06256882846355438,-0.03836679458618164,0.004072889148702075,0.048088863492012024,-0.025855660438537598,0.0005153319085735575,0.09079135954380035,-0.07950401306152344,0.0005205203648444012,0.09050862491130829,-0.04270446300506592,-0.003309457634131263,0.0754559189081192,-0.0180203914642334,-0.009544210579733203,0.05594886839389801,-0.001591026782989502,-0.013206063841025184,0.10557319223880768,-0.05068504810333252,-0.013287688676754783,0.09960789978504181,-0.0038565397262573242,-0.02029806662027056,0.07624037563800812,0.02379286289215088,-0.022405411188046287,0.05418916046619415,0.03975397348403931,-0.02182125586692507,0.11453576385974884,-0.015271365642547607,-0.02593420732442553,0.11318211257457733,0.03382080793380737,-0.029628175382057975,0.09337632358074188,0.053347647190093994,-0.027091830108801673,0.07241402566432953,0.0625200867652893,-0.02322785470310862
0.0,0.0,0.0,0.019896984100341797,-0.0498504638671875,0.019603760408898552,0.04776465892791748,-0.063484787940979,0.020145853477259834,0.0698704719543457,-0.05375206470489502,0.014204798693498333,0.0851416289806366,-0.03798764944076538,0.007751412651231249,0.07075241208076477,-0.0943097472190857,0.017498643564721306,0.07348263263702393,-0.060707926750183105,0.011861549186249931,0.06279677152633667,-0.03283113241195679,0.005635293627818783,0.048088133335113525,-0.0183449387550354,0.002079195071672757,0.09122520685195923,-0.07771384716033936,0.001992935509150584,0.09061378240585327,-0.03909939527511597,-0.0021152664360499784,0.07517632842063904,-0.012118339538574219,-0.00885277385012273,0.054789572954177856,0.005907535552978516,-0.012568082233229916,0.10611873865127563,-0.049558401107788086,-0.012022006829539578,0.10025238990783691,-0.002163410186767578,-0.018987997007826607,0.07679536938667297,0.026448369026184082,-0.021347055715779106,0.05419814586639404,0.04336196184158325,-0.02066718464837436,0.11521455645561218,-0.015044093132019043,-0.024824893606165688,0.11481651663780212,0.03443264961242676,-0.02805444462345008,0.0958552360534668,0.05474168062210083,-0.025273846966484825,0.0748666524887085,0.06476783752441406,-0.021145176646570008
0.0,0.0,0.0,0.019696712493896484,-0.050728559494018555,0.019061074554528545,0.04683959484100342,-0.06419461965560913,0.0195344471927541,0.06882283091545105,-0.05448704957962036,0.013749156109597038,0.08370822668075562,-0.038671672344207764,0.007409071977789949,0.07016351819038391,-0.09369766712188721,0.016250339299048733,0.07041031122207642,-0.06064361333847046,0.011385249867643665,0.05936118960380554,-0.03380310535430908,0.005906181837971758,0.04519820213317871,-0.02010267972946167,0.0026421020362334957,0.0903753936290741,-0.07625061273574829,0.0010149376090424767,0.08733856678009033,-0.03671544790267944,-0.0029004605397773275,0.07164672017097473,-0.009862542152404785,-0.009644596875105549,0.051562756299972534,0.008587419986724854,-0.01342277791390245,0.10483834147453308,-0.04769986867904663,-0.012588847466204811,0.09721541404724121,1.6391277313232422e-05,-0.01956869572440212,0.07388880848884583,0.027679741382598877,-0.02216413900295322,0.05139312148094177,0.044349074363708496,-0.02165343336800163,0.11324483156204224,-0.01328742504119873,-0.024991336316261936,0.11260116100311279,0.03563642501831055,-0.02854103133121555,0.09412884712219238,0.05600935220718384,-0.02598445214370315,0.07338663935661316,0.06656360626220703,-0.021951695010457684
0.0,0.0,0.0,0.019663378596305847,-0.050504326820373535,0.020479277526604278,0.045845434069633484,-0.06311851739883423,0.02176377066002999,0.06717367470264435,-0.05306220054626465,0.016420996566878898,0.08211000263690948,-0.036883533000946045,0.010329385107027633,0.06893141567707062,-0.09154784679412842,0.01867563538776551,0.06950707733631134,-0.05625027418136597,0.014631938939558609,0.058788105845451355,-0.02779465913772583,0.00962278880702172,0.04445408284664154,-0.012383460998535156,0.006699358863400562,0.08933301270008087,-0.07488018274307251,0.00316815851779495,0.08625976741313934,-0.03354322910308838,1.0462427738389124e-05,0.06997711956501007,-0.0053594112396240234,-0.006525378855300801,0.04965396225452423,0.013713300228118896,-0.010136527190340416,0.10382120311260223,-0.046939730644226074,-0.010627820337546723,0.09625540673732758,0.0014002323150634766,-0.01698960661364879,0.07247589528560638,0.0300295352935791,-0.019498932356370346,0.04974983632564545,0.047333598136901855,-0.018899939203990357,0.11242692172527313,-0.01330488920211792,-0.02306165471149768,0.11195285618305206,0.035577237606048584,-0.025912222633493798,0.09318231046199799,0.05605953931808472,-0.02296605631185855,0.07223464548587799,0.06635898351669312,-0.018677602703107254
0.0,0.0,0.0,0.019006863236427307,-0.05101668834686279,0.020464422840277052,0.04554128646850586,-0.06401968002319336,0.02199941753188739,0.06684428453445435,-0.05397087335586548,0.016969744775096274,0.08129075169563293,-0.03799992799758911,0.011167276378373003,0.06809014081954956,-0.09189039468765259,0.01875299840013156,0.06915715336799622,-0.058484673500061035,0.015743582237163878,0.05915430188179016,-0.030722320079803467,0.011755567703048087,0.04569828510284424,-0.015485227108001709,0.0093907264132298,0.08841091394424438,-0.0754622220993042,0.0033388463385648492,0.08617958426475525,-0.03538638353347778,0.001240968781175411,0.0706946849822998,-0.008129417896270752,-0.0045660043064259526,0.05075082182884216,0.010742485523223877,-0.007834398459991121,0.10287356376647949,-0.04748094081878662,-0.010351390850146913,0.09587174654006958,0.00040668249130249023,-0.016224396687348985,0.07271790504455566,0.029098808765411377,-0.01876109772582879,0.05047151446342468,0.046968042850494385,-0.01831728899141183,0.11141234636306763,-0.013200759887695312,-0.02264794455130925,0.11113780736923218,0.03569626808166504,-0.025331012245615625,0.09254306554794312,0.056508779525756836,-0.022560081716974878,0.07168194651603699,0.06739819049835205,-0.018490591358741426
0.0,0.0,0.0,0.01877419650554657,-0.05060851573944092,0.019925763096949822,0.0447869598865509,-0.06335729360580444,0.02088782117917276,0.06627079844474792,-0.053194642066955566,0.015358186524650819,0.0814550518989563,-0.03749215602874756,0.0091505676622603,0.06731247901916504,-0.09172916412353516,0.017220274742982156,0.06732472777366638,-0.05717593431472778,0.012825387727758653,0.05688914656639099,-0.025928497314453125,0.007937973562917477,0.04293936491012573,-0.007597625255584717,0.005213813122651345,0.08757632970809937,-0.07506716251373291,0.001882945501535005,0.08493071794509888,-0.033171117305755615,-0.001636297360704475,0.06980597972869873,-0.0026477575302124023,-0.007822324324109786,0.049896955490112305,0.01924222707748413,-0.011098852183380359,0.10214129090309143,-0.047627031803131104,-0.011810469243386024,0.09540724754333496,0.001414477825164795,-0.018668484676339858,0.0729006826877594,0.03113377094268799,-0.021302542451479667,0.05058234930038452,0.050122082233428955,-0.020651723060467475,0.11111485958099365,-0.014380574226379395,-0.02414909637317919,0.11185824871063232,0.03453779220581055,-0.027391140151479476,0.09380277991294861,0.05572056770324707,-0.02462580500886702,0.07307711243629456,0.06725043058395386,-0.020400852698543304
0.0,0.0,0.0,0.018284738063812256,-0.050610125064849854,0.019717929899911724,0.044175565242767334,-0.06315493583679199,0.020680513248066745,0.06558465957641602,-0.05268675088882446,0.01533986350170835,0.08110469579696655,-0.03690600395202637,0.009397882051985107,0.06642216444015503,-0.09153175354003906,0.015981962919454418,0.06635567545890808,-0.05691981315612793,0.01203051024697288,0.05587610602378845,-0.024424850940704346,0.007978714086334548,0.04169875383377075,-0.005807161331176758,0.005804085187833152,0.08704757690429688,-0.07497632503509521,0.0009396409883493106,0.08426505327224731,-0.03364509344100952,-0.0022780266439212937,0.06926098465919495,-0.0026513338088989258,-0.00795808805503384,0.04929542541503906,0.01947033405303955,-0.010969932175953545,0.10203316807746887,-0.047540247440338135,-0.01235061137356297,0.09514537453651428,0.0008721351623535156,-0.01860833352782265,0.07307139039039612,0.030792534351348877,-0.021038182064671673,0.05101844668388367,0.049873948097229004,-0.020506203159470715,0.1113952100276947,-0.014150142669677734,-0.024298643678207554,0.11138647794723511,0.0345989465713501,-0.027115464195389904,0.09353959560394287,0.055513083934783936,-0.024379882946391263,0.0731249749660492,0.06665587425231934,-0.02032601831831471
0.0,0.0,0.0,0.018831714987754822,-0.050604939460754395,0.018888206706648702,0.044839322566986084,-0.06320476531982422,0.01924611210942828,0.06634283065795898,-0.053037166595458984,0.013524765634244318,0.0812743604183197,-0.03738826513290405,0.007228625026797886,0.06702125072479248,-0.09275060892105103,0.014525722266441221,0.06550997495651245,-0.05822277069091797,0.00978631015986764,0.05493825674057007,-0.02730792760848999,0.004891286158269281,0.041408687829971313,-0.01000511646270752,0.0020348855958189915,0.08788791298866272,-0.075977623462677,-0.0003631730598527838,0.08376374840736389,-0.03438764810562134,-0.004302020630532866,0.0686187744140625,-0.004291117191314697,-0.010586491300458079,0.049189746379852295,0.01704883575439453,-0.014126041418606405,0.10302838683128357,-0.04814726114273071,-0.013504065087730055,0.09482008218765259,0.000632941722869873,-0.02040835328280366,0.07257065176963806,0.02990204095840454,-0.023132319076651697,0.050701290369033813,0.04866623878479004,-0.02281965546190179,0.11236009001731873,-0.014665484428405762,-0.02539727322637475,0.11158037185668945,0.03428924083709717,-0.02890662521004117,0.09395638108253479,0.055538058280944824,-0.026543165071601038,0.07398012280464172,0.0674317479133606,-0.02271673872947133
0.0,0.0,0.0,0.01903092861175537,-0.049991726875305176,0.019889991931279383,0.04602020978927612,-0.06161677837371826,0.020838957480748377,0.06760647892951965,-0.050946593284606934,0.015284782476385317,0.08284541964530945,-0.03520989418029785,0.00912385826524087,0.06649687886238098,-0.09074562788009644,0.017159613050182543,0.06794074177742004,-0.05573314428329468,0.012306991234083853,0.056900620460510254,-0.02333998680114746,0.007036895226349316,0.042468369007110596,-0.0050359368324279785,0.004133564620872221,0.08763086795806885,-0.07434314489364624,0.0018377650674779034,0.08609119057655334,-0.032822370529174805,-0.0018567677208807254,0.07064083218574524,-0.002534806728363037,-0.008212536372582235,0.05049082636833191,0.01813638210296631,-0.011680036582390585,0.10328611731529236,-0.04681122303009033,-0.011894375816325464,0.09689104557037354,0.0018221139907836914,-0.018647486143152037,0.07409492135047913,0.031139791011810303,-0.02147439474646262,0.05162349343299866,0.04922515153884888,-0.02116839753870181,0.11319923400878906,-0.013469874858856201,-0.02430633062903098,0.11246123909950256,0.03582108020782471,-0.027402275972406187,0.09428247809410095,0.057041823863983154,-0.02491799535636119,0.07363957166671753,0.06853395700454712,-0.021083693750540533
0.0,0.0,0.0,0.01881691813468933,-0.04711925983428955,0.01830357615888545,0.044076770544052124,-0.0572589635848999,0.01785349031031558,0.06480810046195984,-0.04511988162994385,0.01112332963437268,0.0809575617313385,-0.02896040678024292,0.003904305166159361,0.06276345252990723,-0.08645564317703247,0.01384112727880904,0.06548488140106201,-0.05212527513504028,0.006690219743703096,0.05462372303009033,-0.019101262092590332,-9.60901956403859e-05,0.0402655303478241,-1.6808509826660156e-05,-0.003831760258819372,0.08414959907531738,-0.07135969400405884,-0.0009927602945225544,0.08342379331588745,-0.03284120559692383,-0.006786942714299471,0.0690886378288269,-0.002915322780609131,-0.013910854001935036,0.0494576096534729,0.018033862113952637,-0.017687926766868145,0.10030964016914368,-0.04491466283798218,-0.014346931827660114,0.09408777952194214,0.002296149730682373,-0.022304334444399387,0.0726935863494873,0.03185760974884033,-0.02542731421947053,0.05118292570114136,0.05027955770492554,-0.025216814828510792,0.11158126592636108,-0.012047290802001953,-0.02649531583249143,0.10845530033111572,0.0371628999710083,-0.03041195380448869,0.09042498469352722,0.05766034126281738,-0.028412232873435528,0.07044932246208191,0.06884604692459106,-0.024862318066354305
